{
    "fontawesome": {
        "normal": "fontawesome_normal_03e1bcc797a6db2b288df5999531961f"
    },
    "material design icons": {
        "normal": "material_design_icons_normal_d5106f25a5814966437b19cdbb519e96"
    },
    "themify": {
        "normal": "themify_normal_ca153e84256c3252ee25dfe6ea888382"
    },
    "ubuntu-light": {
        "normal": "ubuntu_light_normal_7fc223e90cb1d555fa65fcdc880407d9"
    },
    "ubuntu-regular": {
        "normal": "ubuntu_regular_normal_022bcc96ae5a54fcbd16ac3871e33cd7"
    },
    "ubuntu-medium": {
        "normal": "ubuntu_medium_normal_74c4899f7844b76a1a43be19361f51e9"
    },
    "ubuntu-bold": {
        "normal": "ubuntu_bold_normal_62822df6d48cf8b03f7d5e876c8e5e73"
    }
}